{"Items":[{"x":2.6999998092651369,"y":-2.609999895095825,"rotate":0.0},{"x":9.313692092895508,"y":-2.609999895095825,"rotate":325.1771545410156}]}